Pork (Pork Chops),Current Price,Sale,Unit Price,Store Location,Url
Farm Promise Assorted Bone In Pork Loin Chops - 2.5 Pound,$6.98 avg/ea,,$2.79/lb,"at West Des Moines, IA",https://ww2.freshthyme.com/sm/planning/rsid/951/product/farm-promise-assorted-bone-in-pork-loin-chops-00211000000000
Farm Promise Assorted Bone In Pork Loin Chops - 2.5 Pound,$6.98 avg/ea,,$2.79/lb,"at Davenport, IA",https://ww2.freshthyme.com/sm/planning/rsid/952/product/farm-promise-assorted-bone-in-pork-loin-chops-00211000000000
Farm Promise Boneless Thin Sliced Sirloin Pork Chops Family Pack - 2.5 Pound,$8.73 avg/ea,,$3.49/lb,"at Davenport, IA",https://ww2.freshthyme.com/sm/planning/rsid/952/product/farm-promise-boneless-thin-sliced-sirloin-pork-chops-family-pack-00211026000008
Farm Promise Boneless Thin Sliced Sirloin Pork Chops Family Pack - 2.5 Pound,$8.73 avg/ea,,$3.49/lb,"at West Des Moines, IA",https://ww2.freshthyme.com/sm/planning/rsid/951/product/farm-promise-boneless-thin-sliced-sirloin-pork-chops-family-pack-00211026000008
Farm Promise Bone In New York Pork Chops Family Pack - 2.5 Pound,$10.98 avg/ea,,$4.39/lb,"at West Des Moines, IA",https://ww2.freshthyme.com/sm/planning/rsid/951/product/farm-promise-bone-in-new-york-pork-chops-family-pack-00211008000002
Farm Promise Boneless Thin New York Pork Chops Family Pack - 1.75 Pound,$9.61 avg/ea,,$5.49/lb,"at West Des Moines, IA",https://ww2.freshthyme.com/sm/planning/rsid/951/product/farm-promise-boneless-thin-new-york-pork-chops-family-pack-00211015000002
Farm Promise Tenderloin Pork Chops Boneless Family Pack - 2.5 Pound,$14.98 avg/ea,,$5.99/lb,"at West Des Moines, IA",https://ww2.freshthyme.com/sm/planning/rsid/951/product/farm-promise-tenderloin-pork-chops-boneless-family-pack-00211021000003
Farm Promise Boneless Thin New York Pork Chops - 1 Pound,$5.79 avg/ea,,$5.79/lb,"at West Des Moines, IA",https://ww2.freshthyme.com/sm/planning/rsid/951/product/farm-promise-boneless-thin-new-york-pork-chops-00211016000001
Farm Promise Boneless New York Top Pork Chops Family Pack - 2.5 Pound,$12.48 avg/ea,,$4.99/lb,"at West Des Moines, IA",https://ww2.freshthyme.com/sm/planning/rsid/951/product/farm-promise-boneless-new-york-top-pork-chops-family-pack-00211013000004
Farm Promise Boneless Sirloin Pork Chops Family Pack - 2.5 Pound,$7.48 avg/ea,,$2.99/lb,"at West Des Moines, IA",https://ww2.freshthyme.com/sm/planning/rsid/951/product/farm-promise-boneless-sirloin-pork-chops-family-pack-00211024000000
Farm Promise Boneless Thin New York Pork Chops Family Pack - 1.75 Pound,$9.61 avg/ea,,$5.49/lb,"at Davenport, IA",https://ww2.freshthyme.com/sm/planning/rsid/952/product/farm-promise-boneless-thin-new-york-pork-chops-family-pack-00211015000002
Farm Promise Tenderloin Pork Chops Boneless Family Pack - 2.5 Pound,$14.98 avg/ea,,$5.99/lb,"at Davenport, IA",https://ww2.freshthyme.com/sm/planning/rsid/952/product/farm-promise-tenderloin-pork-chops-boneless-family-pack-00211021000003
Farm Promise Boneless New York Top Pork Chops Family Pack - 2.5 Pound,$12.48 avg/ea,,$4.99/lb,"at Davenport, IA",https://ww2.freshthyme.com/sm/planning/rsid/952/product/farm-promise-boneless-new-york-top-pork-chops-family-pack-00211013000004
Farm Promise Bone In New York Pork Chops Family Pack - 2.5 Pound,$10.98 avg/ea,,$4.39/lb,"at Davenport, IA",https://ww2.freshthyme.com/sm/planning/rsid/952/product/farm-promise-bone-in-new-york-pork-chops-family-pack-00211008000002
Farm Promise Boneless Sirloin Pork Chops Family Pack - 2.5 Pound,$7.48 avg/ea,,$2.99/lb,"at Davenport, IA",https://ww2.freshthyme.com/sm/planning/rsid/952/product/farm-promise-boneless-sirloin-pork-chops-family-pack-00211024000000
Farm Promise Boneless New York Top Pork Chops - 1.25 Pound,$6.61 avg/ea,,$5.29/lb,"at Davenport, IA",https://ww2.freshthyme.com/sm/planning/rsid/952/product/farm-promise-boneless-new-york-top-pork-chops-00211014000003
Farm Promise Bone In Thin New York Pork Chops - 1.25 Pound,$7.11 avg/ea,,$5.69/lb,"at Davenport, IA",https://ww2.freshthyme.com/sm/planning/rsid/952/product/farm-promise-bone-in-thin-new-york-pork-chops-00211010000007
Farm Promise Bone In Ribeye Pork Chops Family Pack - 2.5 Pound,$10.98 avg/ea,,$4.39/lb,"at Davenport, IA",https://ww2.freshthyme.com/sm/planning/rsid/952/product/farm-promise-bone-in-ribeye-pork-chops-family-pack-00211004000006
Farm Promise Boneless Thin New York Pork Chops - 1 Pound,$5.79 avg/ea,,$5.79/lb,"at Davenport, IA",https://ww2.freshthyme.com/sm/planning/rsid/952/product/farm-promise-boneless-thin-new-york-pork-chops-00211016000001
Farm Promise Ribeye Pork Chops Thin Cut - 1.75 Pound,$9.08 avg/ea,,$5.19/lb,"at Davenport, IA",https://ww2.freshthyme.com/sm/planning/rsid/952/product/farm-promise-ribeye-pork-chops-thin-cut-00211005000005
Farm Promise Bone In Ribeye Pork Chops Family Pack - 2.5 Pound,$10.98 avg/ea,,$4.39/lb,"at West Des Moines, IA",https://ww2.freshthyme.com/sm/planning/rsid/951/product/farm-promise-bone-in-ribeye-pork-chops-family-pack-00211004000006
Farm Promise Boneless New York Top Pork Chops - 1.25 Pound,$6.61 avg/ea,,$5.29/lb,"at West Des Moines, IA",https://ww2.freshthyme.com/sm/planning/rsid/951/product/farm-promise-boneless-new-york-top-pork-chops-00211014000003
Farm Promise Bone In New York Pork Chops - 1.25 Pound,$5.86 avg/ea,,$4.69/lb,"at West Des Moines, IA",https://ww2.freshthyme.com/sm/planning/rsid/951/product/farm-promise-bone-in-new-york-pork-chops-00211009000001
Farm Promise Bone In Thin New York Pork Chops - 1.25 Pound,$7.11 avg/ea,,$5.69/lb,"at West Des Moines, IA",https://ww2.freshthyme.com/sm/planning/rsid/951/product/farm-promise-bone-in-thin-new-york-pork-chops-00211010000007
Farm Promise Assorted Bone In Thin Pork Chops - 1.75 Pound,$5.23 avg/ea,,$2.99/lb,"at West Des Moines, IA",https://ww2.freshthyme.com/sm/planning/rsid/951/product/farm-promise-assorted-bone-in-thin-pork-chops-00211001000009
Farm Promise Bone In New York Pork Chops - 1.25 Pound,$5.86 avg/ea,,$4.69/lb,"at Davenport, IA",https://ww2.freshthyme.com/sm/planning/rsid/952/product/farm-promise-bone-in-new-york-pork-chops-00211009000001
Farm Promise Assorted Bone In Thin Pork Chops - 1.75 Pound,$5.23 avg/ea,,$2.99/lb,"at Davenport, IA",https://ww2.freshthyme.com/sm/planning/rsid/952/product/farm-promise-assorted-bone-in-thin-pork-chops-00211001000009
Farm Promise Tenderloin Pork Chops Boneless - 1.25 Pound,$7.86 avg/ea,,$6.29/lb,"at Davenport, IA",https://ww2.freshthyme.com/sm/planning/rsid/952/product/farm-promise-tenderloin-pork-chops-boneless-00211022000002
Farm Promise Ribeye Pork Chops Thin Cut - 1.75 Pound,$9.08 avg/ea,,$5.19/lb,"at West Des Moines, IA",https://ww2.freshthyme.com/sm/planning/rsid/951/product/farm-promise-ribeye-pork-chops-thin-cut-00211005000005
Farm Promise Sirloin Pork Chops Bone In - 1.25 Pound,$3.49 avg/ea,,$2.79/lb,"at Davenport, IA",https://ww2.freshthyme.com/sm/planning/rsid/952/product/farm-promise-sirloin-pork-chops-bone-in-00211006000004
Farm Promise Boneless Sirloin Pork Chops - 1.25 Pound,$4.11 avg/ea,,$3.29/lb,"at Davenport, IA",https://ww2.freshthyme.com/sm/planning/rsid/952/product/farm-promise-boneless-sirloin-pork-chops-00211025000009
Farm Promise Bone In Ribeye Pork Chops - 1.25 Pound,$5.86 avg/ea,,$4.69/lb,"at Davenport, IA",https://ww2.freshthyme.com/sm/planning/rsid/952/product/farm-promise-bone-in-ribeye-pork-chops-00211003000007
Farm Promise Bone In Porterhouse Pork Chops - 1 Pound,$4.99 avg/ea,,$4.99/lb,"at Davenport, IA",https://ww2.freshthyme.com/sm/planning/rsid/952/product/farm-promise-bone-in-porterhouse-pork-chops-00211002000008
Farm Promise Bone In Ribeye Pork Chops - 1.25 Pound,$5.86 avg/ea,,$4.69/lb,"at West Des Moines, IA",https://ww2.freshthyme.com/sm/planning/rsid/951/product/farm-promise-bone-in-ribeye-pork-chops-00211003000007
Farm Promise Bone In Blade Pork Chops - 1.25 Pound,$3.49 avg/ea,,$2.79/lb,"at Davenport, IA",https://ww2.freshthyme.com/sm/planning/rsid/952/product/farm-promise-bone-in-blade-pork-chops-00211007000003
Farm Promise Sirloin Pork Chops Bone In - 1.25 Pound,$3.49 avg/ea,,$2.79/lb,"at West Des Moines, IA",https://ww2.freshthyme.com/sm/planning/rsid/951/product/farm-promise-sirloin-pork-chops-bone-in-00211006000004
Farm Promise Bone In Porterhouse Pork Chops - 1 Pound,$4.99 avg/ea,,$4.99/lb,"at West Des Moines, IA",https://ww2.freshthyme.com/sm/planning/rsid/951/product/farm-promise-bone-in-porterhouse-pork-chops-00211002000008
Farm Promise Bone In Blade Pork Chops - 1.25 Pound,$3.49 avg/ea,,$2.79/lb,"at West Des Moines, IA",https://ww2.freshthyme.com/sm/planning/rsid/951/product/farm-promise-bone-in-blade-pork-chops-00211007000003
